reviews,class
Nice camera with wifi and touch screen,positive
Love every bit of this piece of equipment,positive
It's Awesome,positive
four stars ,positive
nice ,positive
good,positive
five stars,positive
best price from market,positive
good camera but having some prolem discussed below,neutral
In love with this camera,positive
CAMERA WITH GOOD FEATURES,positive
Superb Camerq In This Range,positive
It's REALLY cool,positive
 Flash and wifi is not working,negative
Bad after sales service,negative
two stars ,negative
one star,negative
The camera is good but the package was not complete,negative
I am very disappointed,neutral
MISSING DSLR Bag & sub-standard memory card.. Amazon cheating the users with wrong product description !!!,negative
bad deal,negative
I guess the problem is with lens. I think ...,negative
Cant expect genuiness,negative
bad product,negative
very high price,negative
BEST,positive
classy,positive
amazing ,positive
super,positive
pathetic,negative
perfect,positive
wonderful,positive
terrific,positive
awesome,positive
Coolest camera,positive
Nice quality,positive
worthable,positive
